<?xml version="1.0" standalone="no" ?>
<manifest identifier="com.scorm.golfsamples.contentpackaging.multioscosinglefile.12" version="1"
       xmlns="http://www.imsproject.org/xsd/imscp_rootv1p1p2"
       xmlns:adlcp="http://www.adlnet.org/xsd/adlcp_rootv1p2"
       xmlns:xsi="http://www.w3.org/2001/XMLSchema-instance"
       xsi:schemaLocation="http://www.imsproject.org/xsd/imscp_rootv1p1p2 imscp_rootv1p1p2.xsd
                           http://www.imsglobal.org/xsd/imsmd_rootv1p2p1 imsmd_rootv1p2p1.xsd
                           http://www.adlnet.org/xsd/adlcp_rootv1p2 adlcp_rootv1p2.xsd">
  <metadata>
    <schema>ADL SCORM</schema>
    <schemaversion>1.2</schemaversion>
  </metadata>
  <organizations default="fill_grid_default">
    <organization identifier="fill_grid_default">
      <title>Запомните расположение</title>
      <item identifier="some_fill_grid" identifierref="fill_grid">
        <title>Запомните расположение</title>
      </item>
    </organization>
  </organizations>

  <resources>
    <resource identifier="fill_grid" type="webcontent" adlcp:scormtype="sco" href="index.html">
      <file href="index.html"/>
      <file href="styles.css"/>
      <file href="main.js"/>
      <file href="images/cicle-eq.svg"/>
      <file href="images/cicle.svg"/>
      <file href="images/cross.svg"/>
      <file href="images/diamond.svg"/>
      <file href="images/rect-cross.svg"/>
      <file href="images/rect.svg"/>
      <file href="images/triangle.svg"/>
    </resource>
  </resources>
</manifest>
